Band,Time Listened (min)
Genesis,10497.03
311,1027.51
Green Day,972.21
Shinedown,902.96
Steely Dan,744.13
Haley Reinhart,728.84
Metallica,687.26
Enigma,656.08
Pop Will Eat Itself,637.42
Eve 6,579.79
Army Of Anyone,569.39
August Burns Red,533.34
I Prevail,519.39
Rush,488.72
Currents,455.8
Three Days Grace,439.33
Hoobastank,439.21
Theory Of A Deadman,429.94
Nickelback,414.84
Disturbed,395.78
Tame Impala,377.13
Seether,350.79
Extreme,349.26
Red Hot Chili Peppers,349.21
Five Finger Death Punch,340.82
Saint Asonia,334.48
Slipknot,333.33
The Donnas,325.6
Barenaked Ladies,320.45
Megadeth,320.21
Focus on Learning Guru,268.55
Halestorm,257.48
Godsmack,255.64
The Offspring,252.27
Harvey Danger,246.45
Eminem,238.71
Guns N' Roses,236.54
Stone Temple Pilots,226.26
Bring Me The Horizon,221.46
2Cellos,221.3
Fit For A King,221.27
Sick Puppies,215.87
Stone Sour,213.69
Skillet,199.65
Brides Of Destruction,193.25
The Piano Guys,189.38
Taylor Swift,187.66
Cavo,186.64
Lit,184.51
Puddle Of Mudd,182.69
Avatar,182.45
The Exies,179.49
Thornhill,179.48
Alice In Chains,175.21
10 Years,172.51
Nonpoint,167.56
Billy Joel,164.5
Simply Three,162.3
Wage War,160.78
Van Halen,160.69
Pop Evil,155.74
George Winston,155.04
Thousand Foot Krutch,152.33
Red Sun Rising,148.45
Styles Of Beyond,145.83
Linkin Park,144.86
Corey Taylor,144.39
Aranda,143.41
Dallas String Quartet,142.68
Concentration Study,142.61
Jimmie's Chicken Shack,140.72
Saliva,140.03
"Music For Studying and Concentration, Studying Music & Study Music For Concentration",139.32
Slash,139.07
Nirvana,138.37
Smith & Myers,138.28
Deuter,137.76
Avenged Sevenfold,135.06
Mötley Crüe,134.88
Parkway Drive,129.7
Egypt Central,129.59
Alanis Morissette,126.98
TOOL,126.13
Starset,124.54
Exam Study Classical Music,123.77
Juliette and the Licks,123.42
3 Doors Down,123.15
Vitamin String Quartet,121.68
Papa Roach,120.05
Jennifer Thomas,119.51
Feeder,112.7
Epidemic,112.7
Coheed & Cambria,112.49
Instrumental Background Music Ensemble,111.06
Tears For Fears,110.97
Slaughterhouse,109.7
Bad Wolves,108.66
Ronald Jenkees,108.18
AM Radio,107.85
Falling In Reverse,105.71
Depswa,103.46
Trivium,103.33
Story Of The Year,102.12
Blindside,100.97
Yes,98.61
Danko Jones,98.39
Hopsin,97.74
Rev Theory,94.91
Sloth,93.79
Queen,93.53
Lindsey Stirling,93.42
Red Line Chemistry,93.34
Instrumental Background Music,93.2
Foo Fighters,92.92
Green Jelly,92.16
Queens Of The Stone Age,91.34
The Pretty Reckless,91.03
Crown The Empire,90.17
The Wildhearts,89.94
Blue October,89.39
Saving Abel,89.17
James Durbin,88.23
Sublime,86.59
Asking Alexandria,86.56
Chicago,85.7
The Dandy Warhols,84.68
Bowling For Soup,83.7
Breaking Benjamin,82.98
M.O.P.,82.56
Soundgarden,82.31
Pearl Jam,81.46
Monster Magnet,81.42
No Doubt,80.86
AC/DC,78.78
Liquid Mind,77.21
Volbeat,75.81
"Studying Music, Music for Focus and Concentration & Study Music for Focus",74.93
Flyleaf,74.38
Greta Van Fleet,73.36
Pink Floyd,72.14
Brooklyn Duo,71.93
While She Sleeps,71.6
Les Miserables,71.42
Piano Music for Concentration,71.14
Stick To Your Guns,70.45
Gorillaz,70.29
Tantric,69.56
A Day To Remember,69.35
Limp Bizkit,69.03
STARSET,68.93
Bobaflex,68.43
You Me At Six,67.73
Taylor Davis,67.31
Vince Neil,67.05
Candiria,67.01
David Garrett,66.47
Radio Nowhere,66.44
Framing Hanley,65.78
Les Misérables Original London Cast,65.52
Evanescence,64.87
Chevelle,63.94
Yiruma,63.45
Korn,63.33
Orgy,63.24
Fair To Midland,63.0
Hollywood Undead,62.96
Skrape,62.22
My Darkest Days,62.12
Scarlet Haze,61.92
Polaris,61.89
The White Stripes,61.79
Daron Malakian and Scars On Broadway,61.59
Art Of Dying,61.21
Crystal Lake,60.61
Francois-Joel Thiollier,60.34
Logic,60.11
Trapt,59.26
Bush,57.98
Kopek,57.84
Candlelight Red,55.81
The Virginmarys,55.45
Lynyrd Skynyrd,55.05
In Flames,54.22
Spineshank,54.07
ABBA,53.88
Smile Empty Soul,53.67
Valora,52.74
Psychostick,52.55
Nadama,52.54
Heaven's Basement,52.3
The Killers,51.93
My Chemical Romance,51.76
Daughters,51.61
Wolfmother,51.41
Of Mice And Men,51.3
William Joseph,50.5
Dinosaur Pile-Up,50.3
Any Given Sin,50.16
Buckcherry,49.91
Nudeswirl,49.09
John Petrucci,49.02
We As Human,48.53
Beartooth,47.75
Kill Devil Hill,47.7
Hinder,47.7
Relaxing Instrumental Music,47.68
Crossfade,46.62
As I Lay Dying,46.36
Staind,45.53
Focus Playlist,45.47
Busta Rhymes,45.46
Focus Study Music Academy,45.14
Like A Storm,44.73
Pacifier,44.51
Priestess,44.43
Default,44.39
Kyng,43.89
Three Loco,43.76
Les Misérables - 10th Anniversary Concert Cast,43.66
Tina Guo,43.57
The Ghost Inside,43.37
Craving Lucy,43.05
blink-182,42.71
Ill Nino,42.65
Weezer,42.47
Enigma & Michael Cretu,42.08
Atom Smash,41.61
Ludovico Einaudi,40.41
"Hugh Jackman, Keala Settle, Zac Efron, Zendaya & The Greatest Showman Ensemble",40.28
Marconi Union,40.0
Led Zeppelin,38.85
"Study Music for Focus, Relaxing Sounds of Nature & Music For Studying and Concentration",38.63
Counterparts,38.6
Nicki Minaj,38.4
Elton John,37.97
Sixx:A.M.,37.84
Scott D. Davis,37.73
Pantera,37.72
Eve To Adam,37.6
Badflower,37.6
Tenacious D,36.8
Concentration Study Music,36.72
Break of Reality,36.72
Crobot,36.66
Roger Saint-Denis,35.49
The Dreaming,35.43
Kid Rock,35.33
Rage Against The Machine,35.18
The Smashing Pumpkins,35.1
The Beatles,34.13
Pitchshifter,34.06
Marilyn Manson,33.95
Alpha Wolf,33.62
ERRA,33.54
Lil Uzi Vert,33.43
"Lin-Manuel Miranda, Anthony Ramos, Daveed Diggs, Okieriete Onaodowan, Leslie Odom, Jr., Original Broadway Cast of Hamilton",33.31
Eklipse,33.14
Ghost,33.05
Anchored,32.82
Letters To Cleo,32.79
Loathe,32.38
Killswitch Engage,32.08
System Of A Down,32.08
Hellyeah,31.79
The Amity Affliction,31.72
RIOPY,31.57
12 Stones,31.52
Redlight King,30.91
Dirty Honey,30.76
AWOLNATION,30.22
Steel Panther,29.9
Ozzy Osbourne,29.54
J. Cole,29.31
Daniel Jang,29.25
Ariana Grande,29.04
Velvet Revolver,28.55
Well-Strung,28.46
Ludwig van Beethoven,28.36
Rae Sremmurd,28.31
Styx,28.24
Zac Brown Band,27.97
Radiohead,27.77
Palash,27.18
2002,27.07
Eagles,26.98
Nicholas Yee,26.89
Fall Out Boy,26.72
John Williams & London Symphony Orchestra,26.64
Concentration Music Ensemble,26.51
Cage The Elephant,26.44
The HU,26.42
Imagine Dragons,26.25
Study Music,26.22
Classical Study Music,25.94
Highly Suspect,25.92
The Refreshments,25.72
Bullet For My Valentine,25.6
Jon Schmidt,25.44
Squeeze,25.35
Madam Adam,25.3
Sevendust,25.22
DJ Jazzy Jeff & The Fresh Prince,24.52
Peter Kater,24.2
Escala,24.15
Methods of Mayhem,23.73
emphatic,23.71
Music for Working,23.45
Various artists & Frédéric Chopin,23.31
Audioslave,23.29
Playboi Carti,23.27
"Focus, Concentration & Study Playlist",23.06
Ramin Djawadi,22.44
Rob Zombie,22.28
Jimmy Eat World,22.11
Alexandra Stréliski,21.86
Juice WRLD,21.85
"Jon Schmidt, Steven Sharp Nelson & The Piano Guys",21.82
Journey,21.71
Josh Vietti,21.59
Oasis,21.57
Morgan Wallen,21.44
Prince,21.35
Midnite String Quartet,21.12
Finger Eleven,21.1
50 Classical Music Favorites,21.04
Debussy Consort,21.02
Alexis Ffrench,20.52
The Cranberries,20.42
Max Richter,20.28
twenty one pilots,20.22
Coldplay,20.19
Sensual Music Academy,20.1
Rival Sons,20.01
Candlebox,19.98
Maroon 5,19.62
Focus concentration musique,19.51
Yanni,19.11
Architects,19.04
"Diane Arkenstone, David Arkenstone",18.82
Black Sabbath,18.59
David Darling,18.57
R.E.M.,18.4
The Verve,17.86
Vesislava,17.6
Work From Home,17.55
Bring Me The Horizon feat. Nova Twins,17.46
Live,17.38
Bon Jovi,17.19
sonicaid,17.18
Beastie Boys,17.14
Study Focus,17.03
Emancipator,16.89
Chris Cornell,16.87
Elle King,16.84
Attila,16.81
Adam Harasiewicz & Frédéric Chopin,16.8
Panicland,16.5
"Renée Elise Goldsberry, Original Broadway Cast of Hamilton",16.46
Bonobo,16.44
Orphaned Land,16.35
Parker McCollum,16.31
Kendrick Lamar,15.99
Ghost B.C.,15.95
Prague Cello Quartet,15.81
Fuel,15.79
Panic! At The Disco,15.77
Rise Against,15.7
The Wallflowers,15.63
Hans Zimmer,15.61
Incubus,15.49
Dave Matthews Band,15.06
New Radicals,15.03
The Hampton String Quartet,15.03
Young Thug,14.87
4 Non Blondes,14.77
Relax & Relax,14.7
Motionless In White,14.69
Megan Thee Stallion,14.57
Flo Milli,14.5
Dr. Dre,14.47
The Goo Goo Dolls,14.47
Snoop Dogg,14.09
Adele,13.87
Dustin Lynch,13.85
Loren Allred,13.85
Black Stone Cherry,13.85
Concentration Focus,13.73
Antonio Vivaldi,13.62
CFCF,13.53
Snatam Kaur,13.53
Alestorm,13.5
Luke Combs,13.4
Travis Scott,13.34
Doja Cat,13.31
Arctic Monkeys,13.3
Brian Crain,13.28
United Guitar Players,13.27
Cypress Hill,13.2
Brain Study Music Specialists,12.91
Relax,12.91
Dalal,12.89
Alter Bridge,12.87
"Leslie Odom, Jr., Lin-Manuel Miranda, Renée Elise Goldsberry, Phillipa Soo, Christopher Jackson, Original Broadway Cast of Hamilton",12.84
Arthur Rubinstein,12.72
Blank & Jones,12.61
Rand Aldo,12.6
Migos,12.59
Little People,12.57
The Who,12.48
"Phillipa Soo, Original Broadway Cast of Hamilton",12.48
Various artists,12.47
Russell Dickerson,12.44
Smash Mouth,12.41
Focus Music Squad,12.39
Tycho,12.3
"Piano for Studying, Music For Reading & Brain Study Music Guys",12.19
Nine Inch Nails,12.05
Chris Stapleton,12.02
Time for Three,11.99
P.O.D.,11.96
Silent Planet,11.91
Kip Moore,11.47
Sonic Youth,11.46
Ólafur Arnalds,11.43
Helen Jane Long,11.29
Calm Music for Studying,11.2
The O'Neill Brothers Group,11.18
Kiasmos,11.1
Big Sean,11.01
The Black Crowes,10.98
Howard Shore,10.97
The Police,10.84
Kansas,10.76
Mac DeMarco,10.62
Tim McGraw,10.6
Kate Tsvetaeva Pop Violin,10.6
A$AP Rocky,10.54
Soft Background Music,10.47
ODESZA,10.45
Music for Creativity,10.43
The Cars,10.42
Zero 7,10.26
M83,10.24
"Concentration Focus, Indigo Flower",10.21
Florida Georgia Line,10.15
Work Music,10.08
Tomaso Albinoni,10.08
Royal Blood,9.92
Concentration Studying Music Academy,9.88
Nightmares On Wax,9.85
Mazzy Star,9.85
Ski Mask the Slump God,9.7
Enya,9.7
The Glorious Sons,9.65
Matt Stell,9.62
Billy Idol,9.61
Tim Janis,9.49
Ed Sheeran,9.38
Chris Lane,9.36
Steven Sharp Nelson,9.36
"Renée Elise Goldsberry, Phillipa Soo, Jasmine Cephas Jones, Leslie Odom, Jr., Original Broadway Cast of Hamilton",9.32
Lady A,9.25
Jameson Rodgers,9.24
Fun.,9.23
Jordan Davis,9.2
İdil Biret & Frédéric Chopin,9.1
Peter Gabriel,9.07
Instrumental Songs Music,9.05
The Presidents of the United States of America,8.94
Snow Patrol,8.93
Concentration Music Ensemble & Concentration Study Music,8.89
Madonna,8.75
The Fray,8.75
Faith No More & Boo Yaa Tribe,8.72
London Philharmonic Orchestra,8.63
Def Leppard,8.58
Thievery Corporation,8.58
Tom Petty,8.53
Uncle Kracker,8.51
Blake Shelton,8.5
Shastro,8.26
Bob Seger & The Silver Bullet Band,8.25
Above & Beyond,8.22
Kevin Kern,8.21
Queen & David Bowie,8.21
Dan Gibson's Solitudes,8.2
Clairo,8.19
Survivor,8.18
Lil Dicky feat. Brendon Urie,8.14
Chris Brown,8.12
Bring Me The Horizon feat. Amy Lee,8.1
Melosense,8.08
Trey Songz,8.06
The Section Quartet,7.99
Michael Giacchino,7.93
John Mellencamp,7.93
Future,7.92
Jinjer,7.86
Beck,7.83
Kaiser Chiefs,7.82
Study Music for Focus,7.81
The Weeknd,7.81
Gramatik,7.8
White Zombie,7.8
Phinehas,7.78
Thirty Seconds To Mars,7.71
Mattia Serrentino,7.7
Serenity Spa Music Relaxation,7.66
Post Malone,7.65
We Came As Romans,7.64
Eric Church,7.62
Chloe Flower,7.62
Various artists & Ludwig van Beethoven,7.6
Eastern Sun,7.59
A-Ha,7.5
Bond,7.47
Fozzy,7.45
Veil Of Maya,7.37
Daughtry,7.34
Alan Silvestri,7.33
Bring Me The Horizon feat. BABYMETAL,7.33
The Proclaimers,7.28
Grouplove,7.26
Kundalini,7.24
Bryan Adams,7.2
Niko Moon,7.15
Brian King Joseph,7.15
"Enigma, Michael Cretu & Jens Gad",7.12
Gabby Barrett,7.09
Los Olividados,7.02
Bernward Koch,7.01
Groove Armada,7.0
"Ed Sheeran, Chris Stapleton & Bruno Mars",6.97
Concentration Music,6.93
Jack Johnson,6.92
Erik Satie,6.86
The Clash,6.85
"Work Music, Easy Listening Background Music & Concentration Focus",6.83
Danzig,6.82
Improve Concentration Music Oasis,6.75
Concentration Music at Work,6.73
Tay-K,6.73
Amadeus,6.73
Kublai Khan,6.72
Original Broadway Cast of Hamilton,6.69
From Ashes to New,6.69
Inon Zur,6.67
Carrie Underwood,6.66
Wiz Khalifa,6.64
Anciients,6.63
Tenille Arts,6.6
Afroman,6.59
Cory Marks,6.57
Maren Morris,6.57
Veruca Salt,6.55
Dean Lewis,6.54
Boards Of Canada,6.53
GnuS Cello,6.51
The Last Samurai,6.48
Parquet Courts,6.48
Philip Glass & Philip Glass Ensemble,6.41
Andreas Moe,6.4
All Time Low,6.39
Lee Brice,6.29
Maddie & Tae,6.27
Ulrich Schnauss and Jonas Munk,6.26
Cardi B,6.25
The City Of Prague Philharmonic Orchestra,6.19
Niall,6.19
Kane Brown,6.17
Lauren Alaina,6.15
Cécile Ousset,6.06
Boundaries,6.03
Isan,6.02
Harper Zen,5.97
Darius Rucker,5.94
Aeoliah,5.94
Study Music And Piano Music,5.91
"Binaural Beats Sleep, Sleeping Music & Deep Sleep Music Collective",5.9
Shaman's Harvest,5.9
Lights & Motion,5.87
The Chicks,5.84
Music Lab Collective,5.84
Joan Jett & The Blackhearts,5.83
alt-J,5.78
N.W.A.,5.76
Spinphony,5.75
Focus Brain,5.73
Dan + Shay,5.72
Pat Benatar,5.7
Eazy-E,5.66
Kenny Chesney,5.62
Phil Collins,5.6
"Classical Study Music, Studying Music Group, Study Focus",5.58
Sambodhi,5.57
Pat Metheny,5.46
Gold Panda,5.42
Thomas Bergersen,5.42
Lin-Manuel Miranda,5.36
Porcupine Tree,5.36
Relaxing Cello Music,5.35
Klara Kormendi,5.32
Steven Halpern,5.32
Hole,5.32
Helios,5.3
"Rebecca Caine, Colm Wilkinson, Michael Ball & Frances Ruffelle",5.29
"Concentration Music for Work, Studying Music For Focus & Easy Listening Background Music",5.21
Instrumental Music Factory,5.2
Breakdown of Sanity,5.13
Blue Oyster Cult,5.13
Collective Soul,5.1
Kelsea Ballerini,5.08
Muse,5.08
MGMT,5.04
Kool and The Gang,4.98
Sylosis,4.95
The Album Leaf,4.94
Starship,4.93
Toto,4.93
The Knack,4.92
U2,4.92
Dr. Cover Band,4.92
Bhad Bhabie,4.86
Air,4.84
"Studying Playlist, Study Music For Concentration & Business Background Music Consort",4.83
DJ Kool,4.83
Dexys Midnight Runners,4.78
Christina Perri,4.75
The Jimi Hendrix Experience,4.73
Jens Buchert,4.72
Mars Lasar,4.69
Laurie Davidson,4.69
Paul Simon,4.66
Craig Armstrong,4.65
Chumbawamba,4.64
"Einstein Study Music Academy, Concentration Studying Music Academy & Studying Music",4.63
Jay-Z,4.61
Royal Philharmonic Orchestra,4.61
Reading Music,4.59
"Lin-Manuel Miranda, Anthony Ramos, Okieriete Onaodowan, Daveed Diggs, Original Broadway Cast of Hamilton",4.59
Lauren Daigle,4.57
Aerosmith,4.56
After The Burial,4.55
Suzanne Ciani,4.55
Apocalyptica,4.54
Counting Crows,4.53
Steppenwolf,4.52
The Verve Pipe,4.49
Third Eye Blind,4.47
Ludwig Göransson,4.45
Diane Arkenstone,4.45
Ratt,4.43
Relaxing Piano,4.43
The Monkees,4.43
Instrumental Study Music,4.42
Daddy Rock,4.41
Instrumental Music for Studying,4.4
Music For Reading,4.33
Poison,4.33
ZZ Top,4.3
Brian Reitzell,4.27
cleopatrick,4.26
Our Lady Peace,4.25
Edwina Hayes,4.24
"Sleeping Music, Deep Sleep Music Collective & Binaural Beats Sleep",4.22
Piano Study,4.22
Culture Club,4.21
Dire Straits,4.2
Rex Orange County,4.2
Paula Abdul,4.19
I Am Abomination,4.18
Acoustic Guitar Tribute Players,4.14
The Dose,4.13
"Einstein Study Music Academy, Focus Study Music Academy & Music For Reading",4.12
Chief Keef,4.1
Lee England Jr,4.08
Norman Greenbaum,4.04
Hymns on Piano,4.04
Blur,4.03
Hozier,4.02
Dreamshade,4.01
Recondite,4.01
Regina Belle,4.0
Kevin Gates,4.0
Unearth,3.99
Smallpools,3.99
Katrina & The Waves,3.97
Ram Jam,3.96
Jhené Aiko,3.95
Joyner Lucas,3.94
Gin Blossoms,3.94
Klangkarussell,3.93
Saul,3.92
The Steve Miller Band,3.9
Deep Focus Academy,3.88
Merkules,3.88
Carly Simon,3.87
Plain White T's,3.87
Assuming We Survive,3.87
G Herbo,3.86
Wham!,3.85
Flo Rida,3.85
Jim Brickman,3.85
Kings Of Leon,3.84
Calvin Harris,3.84
Concentration Music for Work,3.83
Kanye West,3.81
Zeal and Ardor,3.8
M.I.A.,3.79
Anthrax,3.78
Wildview,3.78
Tommy Tutone,3.77
Just Relax Music Universe,3.75
Instrumental Pop Players,3.75
Gemini Syndrome,3.75
Absofacto,3.74
The Black Keys,3.73
Philip Glass,3.72
Rannar Sillard,3.71
M City JR,3.71
Luke Bryan,3.69
Les Misérables Cast,3.69
Harry Styles,3.69
Bionic Jive,3.68
Francesco Tristano,3.67
A Flock Of Seagulls,3.66
Knocked Loose,3.65
The Righteous Brothers,3.63
Black Violin,3.63
Billy Squier,3.62
Blind Melon,3.61
Ann Sweeten,3.59
Earth Wind & Fire,3.58
Erasure,3.58
The Cure,3.57
Jet,3.56
The Rolling Stones,3.55
Claude Debussy,3.53
Kongos,3.53
Rascal Flatts,3.52
James Arthur,3.52
Focus Music Control,3.51
Röyksopp,3.51
Infectious Grooves,3.5
"Leslie Odom, Jr., Lin-Manuel Miranda, Original Broadway Cast of Hamilton",3.49
Gideon,3.48
Big Hits & Big Hits,3.47
MAC MILLER,3.46
92 Keys,3.46
Michael Ray,3.44
James Newton Howard,3.44
Kid Ink,3.44
Flobots,3.44
James Horner,3.43
Dierks Bentley,3.43
Rick James,3.42
Kim Wilde,3.42
Halsey,3.42
Zero 9:36,3.4
Minnie Riperton,3.39
King Missile,3.38
A$AP Ferg,3.37
I Fight Dragons,3.36
Bobby Cole,3.35
Solence,3.34
Miss May I,3.33
Billie Eilish,3.33
deadmau5,3.31
The New Pornographers,3.31
Danny Elfman,3.29
Yo-Yo Ma,3.29
Roddy Ricch,3.27
Little Big Town,3.26
Train,3.26
Work Focus Station,3.25
Rick Springfield,3.23
Flamingosis,3.23
Lil Wayne,3.23
American Authors,3.23
"Leslie Odom, Jr., Original Broadway Cast of Hamilton",3.22
Lindsay Ell,3.21
Niall Horan,3.21
Childish Gambino,3.21
Michael Nyman,3.19
Aldo Ciccolini,3.19
Daryl Hall & John Oates,3.17
Dave Porter,3.16
The Motorleague,3.16
Olivia O'Brien,3.15
Wakrat,3.15
Piano Dreamers,3.14
"Sleeping Music Experience, Deep Sleep Music Collective & Binaural Beats Sleep",3.12
Nick Jonas,3.11
Soothing Piano Classics for Sleeping Babies,3.11
Evelyne Dubourg,3.09
Kameron Marlowe,3.08
"Divinity and Devotion Records, Relaxing Mandala Co & Alluring Melody Productions",3.08
Liquid Ambiance,3.08
Sean Stemaly,3.06
Sleeping Music,3.06
Aiko Matsuhisa,3.05
"Music For Students, Classroom Piano Music & Calm Students",3.04
Colony House,3.03
Lewis Capaldi,3.03
The Acro-brats,3.03
Aperitivo al Bar,3.0
Etta James,2.99
6ix9ine,2.99
Brantley Gilbert,2.97
Robert Mendoza,2.97
Jason Aldean,2.96
Chase Rice,2.94
John Carpenter,2.92
3rd Strike,2.9
Percy Sledge,2.89
Josh Kerr,2.87
Working Music Ambient,2.87
Cherry Monroe,2.85
Thomas Rhett,2.83
Camille Paradis,2.83
Dead End Road,2.83
Miranda Lambert,2.82
Elvis Presley,2.82
Summertime Dropouts,2.82
Gavin Luke,2.8
Ultimate Piano Relaxation Massage,2.8
XXXTentacion,2.77
Russell Crowe,2.76
Superorganism,2.75
Maxence Cyrin,2.75
Carly Pearce,2.74
Mac Miller,2.74
Creedence Clearwater Revival,2.67
Bobby Shmurda,2.67
The Lumineers,2.66
Martèn LeGrand,2.65
Beautiful Piano Music World,2.65
Surfaces,2.64
Kyle Dixon & Michael Stein,2.63
Post Malone & Swae Lee,2.63
Nathan Johnson,2.62
Jack Harlow,2.6
WMD,2.6
The Vines,2.6
"Exam Study Classical Music Orchestra, Studying Music, Studying Music and Study Music",2.59
"Work Music, Music for Working & Music For Studying and Concentration",2.58
Teen Daze,2.57
Jean-Michel Blais,2.57
Sada Baby,2.56
Lil Baby,2.56
Focus & Concentration,2.54
Kaycee,2.53
Johann Sebastian Bach,2.52
Massage Tribe,2.47
PIANOEL,2.46
Amaranth Cove,2.41
Study Soft,2.4
Sean Barrett,2.4
Alan Ellis,2.37
John Barry,2.35
"Sleeping Music, Deep Sleep Music Experience & Deep Sleep Music Collective",2.35
Dominic Lewis,2.33
No Jumper,2.31
Piano Tribute Players,2.31
"Concentration Music for Work, Easy Listening Background Music & Work Music",2.3
DaBaby,2.27
White Sun,2.23
Baby Keem,2.16
City Girls,2.02
"Binaural Beats Sleep, Sleeping Music & Binaural Beats Deep Sleep",1.96
Jake Shimabukuro,1.94
Hudson Valley Saxophone Orchestra,1.94
"Anthony Ramos, Okieriete Onaodowan, Daveed Diggs, Lin-Manuel Miranda, Leslie Odom, Jr.",1.93
Relaxing Solo Piano Music,1.89
"Thayne Jasperson, Lin-Manuel Miranda, Original Broadway Cast of Hamilton",1.87
Morning Piano,1.83
Woah Vicky,1.83
Budapest Strings,1.82
"Anthony Ramos, Lin-Manuel Miranda, Jon Rua, Leslie Odom, Jr., Original Broadway Cast of Hamilton",1.77
Alexandre Desplat,1.75
Paul Horn,1.75
Gustavo Santaolalla,1.7
New Age Piano Masters,1.7
Marcelo Zarvos,1.69
Juniper Hanson,1.65
Classical Lullabies,1.65
Colm Wilkinson,1.58
James Michael Stevens,1.53
Bear McCreary,1.44
Vasaria Project,1.4
"Lin-Manuel Miranda, Leslie Odom, Jr., Anthony Ramos, Christopher Jackson, Original Broadway Cast of Hamilton",1.39
Jeremy Siepmann,1.25
Christophe Beck,1.24
Isabelle Allen,1.19
Cenji,1.13
The Tallis Scholars & Peter Phillips,0.85
Dirk Quinn Band,0.82
Borialis,0.0
Stuttering John,0.0
Dangerous New Machine,0.0
Parmalee & Blanco Brown,0.0
Garth Brooks,0.0
Keith Urban & P!nk,0.0
Hugh Jackman & The Greatest Showman Ensemble,0.0
Hugh Jackman & Zac Efron,0.0
London Metropolitan Orchestra & Michael Kamen,0.0
Tom Newton,0.0
"Joseph Trapanese, M83 & Anthony Gonzalez",0.0
Ben Salisbury & Geoff Barrow,0.0
Marco Beltrami & Buck Sanders,0.0
"Okuma Müzikleri Art, Concentration Study Art & Leesmuziek Art",0.0
Music for Studying featuring Calm Music For Studying,0.0
Longreef,0.0
Motivational Music Factory,0.0
Focus & Work,0.0
21 Savage & Metro Boomin,0.0
Music To Study By & Study Music for Focus,0.0
Metallica & San Francisco Symphony,0.0
"Leslie Odom, Jr., Daveed Diggs, Christopher Jackson, Original Broadway Cast of Hamilton",0.0
"Christopher Jackson, Lin-Manuel Miranda, Leslie Odom, Jr., Original Broadway Cast of Hamilton",0.0
"Jonathan Groff, Original Broadway Cast of Hamilton",0.0
"Lin-Manuel Miranda, Leslie Odom , Jr., Anthony Ramos, Daveed Diggs, Okieriete Onaodowan",0.0
"HIXTAPE, Hardy, Lauren Alaina & Devin Dawson",0.0
Jon Pardi,0.0
Man Made Machine,0.0
Zac Efron & Zendaya,0.0
Keala Settle & The Greatest Showman Ensemble,0.0
"Hugh Jackman, Keala Settle, Daniel Everidge, Zendaya & The Greatest Showman Ensemble",0.0
Bring Me The Horizon feat. YUNGBLUD,0.0
Ariana Grande & The Weeknd,0.0
Marco Decimo & Ludovico Einaudi,0.0
Ben Russell & Max Richter,0.0
Anne Queffélec,0.0
"Daniel Hope, I Virtuosi Italiani & Ludovico Einaudi",0.0
Ensemble Amati,0.0
Orchestre Symphonique de Montréal & Alain Lefèvre,0.0
The Gryphon Trio & Franz Schubert,0.0
Mia Chung & Johann Sebastian Bach,0.0
La Pietà & Angèle Dubeau,0.0
"Christopher van Kampen, Pascal Rogé, Cristina Ortiz, London Sinfonietta & Charles Dutoit",0.0
"Alfred Brendel, Bernard Haitink, London Philharmonic Orchestra & Ludwig van Beethoven",0.0
Yo-Yo Ma & Kathryn Stott,0.0
Rafal Blechacz & Frédéric Chopin,0.0
Oberlin Contemporary Music Ensemble,0.0
Daniel Barenboim & Frédéric Chopin,0.0
Chad Lawson,0.0
Carmen Pazzini & Euro Symphony Orchestra,0.0
Lang Lang,0.0
Daniel Barenboim & Ludwig van Beethoven,0.0
"Austyn Johnson, Cameron Seely & Hugh Jackman",0.0
"Michelle Williams, Hugh Jackman & Ziv Zaifman",0.0
Soneiro Collective & Temple Haze,0.0
Joshua Bell & Academy of St Martin in the Fields,0.0
Jessie Baylin,0.0
"Calm Music for Studying, Study Power & Study Piano",0.0
Healing Sounds for Deep Sleep and Relaxation & Relax Meditate Sleep & Reiki Music,0.0
Office Work Music Society,0.0
2 Mello,0.0
Bach Fugue Masters,0.0
Dilaz,0.0
The Soundscapes,0.0
Sarah Davachi,0.0
Relaxation7,0.0
Piano Novel,0.0
Martha Argerich & Robert Schumann,0.0
"The English Concert, Trevor Pinnock & Johann Sebastian Bach",0.0
Oxana Yablonskaya,0.0
Yo-Yo Ma & Antonio Vivaldi,0.0
Elizabeth Farr & William Byrd,0.0
Jacqueline du Pré,0.0
The Angeles String Quartet & Joseph Haydn,0.0
Max Emanuel Cencic,0.0
Yosemeh Adjei,0.0
David Lloyd-Jones,0.0
"Alfred Brendel, Academy of St. Martin in the Fields, Sir Neville Marriner & Wolfgang Amadeus Mozart",0.0
Rudolf Baumgartner,0.0
"Hilary Hahn, Margaret Batjer, Los Angeles Chamber Orchestra, Jeffrey Kahane & Johann Sebastian Bach",0.0
Berliner Philharmoniker & Herbert von Karajan,0.0
"Academy of St. Martin in the Fields, Sir Neville Marriner & George Frideric Handel",0.0
Jozef Cejka,0.0
Maria Tipo,0.0
English Chamber Orchestra & Benjamin Britten,0.0
Phillipa Soo & Original Broadway Cast of Hamilton,0.0
Jonathan Groff & Original Broadway Cast of Hamilton,0.0
"Thayne Jasperson, Lin-Manuel Miranda & Original Broadway Cast of Hamilton",0.0
Phillipa Soo,0.0
"Lin-Manuel Miranda, Anthony Ramos, Okieriete Onaodowan, Daveed Diggs & Original Broadway Cast of Hamilton",0.0
Okieriete Onaodowan,0.0
Bobby McFerrin,0.0
"Cyndi Lauper, Anton Fig, Krystal Davis, Jules Shear, Eric Brazilian, Ellie Greenwich, Rob Hyman, Rick Chertoff, Neil Jason, William Wittman, Richard Termini, Peter Wood, Dianne Wilson, Rick DiFonzo & Maeretha Stewart, Vocalist",0.0
David Bowie,0.0
"Chris Barron, Eric Schenkman, Spin Doctors, Aaron Comess & Spin Doctors",0.0
Fleetwood Mac,0.0
Sugar Red Drive,0.0
dj poolboi,0.0
"Leslie Odom, Jr., Anthony Ramos, Daveed Diggs, Okieriete Onaodowan, Lin-Manuel Miranda, Phillipa Soo, Christopher Jackson, Original Broadway Cast of Hamilton",0.0
Wes Walker & Dyl,0.0
"Hugh Jackman, Russell Crowe & Convicts",0.0
Tech N9ne feat. Eminem & Krizz Kaliko,0.0
"Gucci Mane, Bruno Mars & Kodak Black",0.0
Jay-Z & Linkin Park,0.0
Tetrarch,0.0
The Dealer,0.0
The Silent Planet,0.0
haroinfather & Savage Ga$p,0.0
Loud Luxury & Bryce Vine,0.0
Christopher Sieber & Shrek Ensemble,0.0
"Leah Greenhaus, Marissa O'donnell & Sutton Foster",0.0
Sutton Foster & Brian D'Arcy James,0.0
"Amanda Seyfried, Eddie Redmayne, Samantha Barks & Hugh Jackman",0.0
Hugh Jackman & Russell Crowe,0.0
"Sacha Baron Cohen, Helena Bonham Carter & Les Misérables Cast",0.0
"Sasha Baron Cohen, Helena Bonham Carter, Hugh Jackman, Samantha Barks, Russell Crowe & Les Misérables Cast",0.0
"Sasha Baron Cohen, Helena Bonham Carter, Eddie Redmayne & Les Misérables Cast",0.0
"Anne Hathaway, Hugh Jackman & Russell Crowe",0.0
"Hugh Jackman, Anne Hathaway, The Factory Girls & Les Misérables Cast",0.0
Eddie Redmayne & Samantha Barks,0.0
The End,0.0
Emerson String Quartet & Johann Sebastian Bach,0.0
"Hilary Hahn, Los Angeles Chamber Orchestra, Jeffrey Kahane & Johann Sebastian Bach",0.0
Yo-Yo Ma & Johann Sebastian Bach,0.0
Joshua Bell & Frédéric Chopin,0.0
Itzhak Perlman/London Philharmonic Orchestra & Antonio Vivaldi,0.0
Orpheus Chamber Orchestra & Johann Sebastian Bach,0.0
Itzhak Perlman & John Williams,0.0
Breaking Benjamin & Scooter Ward,0.0
DJ Rell & Ms Danniboo,0.0
"THE SCOTTS, Travis Scott & Kid Cudi",0.0
John McCabe & Joseph Haydn,0.0
Murray Perahia & Johann Sebastian Bach,0.0
Konstanze Eickhorst,0.0
Aurélien Pontier,0.0
András Schiff & Johann Sebastian Bach,0.0
OneRepublic,0.0
"Cafe Tantra Chill, Erotic Music Zone & Sensual Music Academy",0.0
Sylviy Capova & Ludwig van Beethoven,0.0
Pascal Rogé,0.0
Various artists & Wolfgang Amadeus Mozart,0.0
Various artists & Pyotr Ilyich Tchaikovsky,0.0
Vladimir Ashkenazy & Frédéric Chopin,0.0
András Schiff & Wolfgang Amadeus Mozart,0.0
Evelyne Dubourg & Wolfgang Amadeus Mozart,0.0
"Vilmos Fischer, Vienna Mozart Ensemble, Herbert Kraus & Wolfgang Amadeus Mozart",0.0
Mitsuko Uchida & Wolfgang Amadeus Mozart,0.0
"Tech N9ne feat. Wrekonize, Snow Tha Product, Twisted Insane",0.0
Vanessa-Mae & Antonio Vivaldi,0.0
André Rieu & The Johann Strauss Orchestra,0.0
Judas Priest,0.0
Gavin Mikhail,0.0
The Accompanist,0.0
Jon Schmidt & The Piano Guys,0.0
311 & 311,0.0
Blue Claw Music & Ludwig van Beethoven,0.0
Avi Avital,0.0
Pascal Schumacher,0.0
New London Consort & Philip Pickett,0.0
"Chicago Symphony Orchestra, Sir Georg Solti & Gustav Mahler",0.0
Leonard Bernstein,0.0
Boston Symphony Orchestra & Rafael Kubelik,0.0
Emerson String Quartet,0.0
"Bogar, Istvan",0.0
"Amadeus Quartet, Cecil Aronowitz, William Pleeth & Johannes Brahms",0.0
The Cleveland Orchestra & Lorin Maazel,0.0
Wiener Philharmoniker & Zubin Mehta,0.0
"Karl Leister, Amadeus Quartet & Johannes Brahms",0.0
Arturo Benedetti Michelangeli & Claude Debussy,0.0
"Kathleen Battle, Timothy Farrell, Philharmonia Orchestra, Carlo Maria Giulini & Gabriel Fauré",0.0
Julius Katchen & Johannes Brahms,0.0
"Anne-Sophie Mutter, Wiener Philharmoniker, Herbert von Karajan & Pyotr Ilyich Tchaikovsky",0.0
"Cecil Aronowitz, Amadeus Quartet & Johannes Brahms",0.0
Maurizio Pollini & Frédéric Chopin,0.0
Andrea Lucchesini,0.0
Mstislav Rostropóvich,0.0
Chicago Symphony Orchestra & Carlo Maria Giulini,0.0
"Ivo Pogorelich, London Symphony Orchestra, Claudio Abbado & Pyotr Ilyich Tchaikovsky",0.0
Tamás Vásáry & Claude Debussy,0.0
"The Cleveland Orchestra, Pierre Boulez & Claude Debussy",0.0
"Gothenburg Symphony Orchestra, Gothenburg Artillery Division, Gothenburg Symphony Brass Band, Churchbells of Gothenburg, Neeme Järvi, Gothenburg Symphony Chorus & Pyotr Ilyich Tchaikovsky",0.0
Roberto Szidon & Franz Liszt,0.0
"Nemanja Radulovic, Double Sens & Stephanie Fontanarosa",0.0
Andrés Segovia,0.0
Gothenburg Symphony Orchestra & Neeme Järvi,0.0
Itzhak Perlman/London Philharmonic Orchestra,0.0
The Silkroad Ensemble & Yo-Yo Ma,0.0
Jörg Baumann & Johann Sebastian Bach,0.0
Pieter Wispelwey & Johann Sebastian Bach,0.0
"Sheku Kanneh-Mason, Didier Osindero, Alinka Rowe & Yong Jun Lee",0.0
Yo-Yo Ma & Bobby McFerrin,0.0
Zuill Bailey,0.0
Bas van Waard,0.0
Pierre Fournier,0.0
Edgar Moreau,0.0
Les Voix Humaines,0.0
Kian Soltani & Aaron Pilsan,0.0
Joshua Bell & Wolfgang Amadeus Mozart,0.0
"Sheku Kanneh-Mason, Oliver Janes & CBSO Cellos",0.0
Sol Gabetta,0.0
Gautier Capuçon,0.0
"BBC Symphony Orchestra, Leonard Bernstein & Edward Elgar",0.0
Brian Thornton,0.0
"Peter Gregson, Richard Harwood, Reinoud Ford, Tim Lowe, Ben Chappell & Katherine Jenkinson",0.0
Erica Piccotti & Itamar Golan,0.0
Norbert Anger,0.0
Juris Teichmanis & Johann Sebastian Bach,0.0
Kian Soltani,0.0
Sheku Kanneh-Mason & Isata Kanneh-Mason,0.0
Taeguk Mun,0.0
Pierre Fournier & Johann Sebastian Bach,0.0
Nikolaj Busk,0.0
Vlach Quartet Prague,0.0
Asbjorn Norgaard,0.0
Taneyev Quartet & Franz Schubert,0.0
Kodaly Quartet,0.0
Eder Quartet,0.0
Éder Quartet & Wolfgang Amadeus Mozart,0.0
Tokyo String Quartet & Ludwig van Beethoven,0.0
Danish String Quartet,0.0
Rune Tonsgaard Sørensen,0.0
"Lawrence Dutton, David Finckel & Johann Sebastian Bach",0.0
"Philip Setzer, Lawrence Dutton, David Finckel & Johann Sebastian Bach",0.0
Kronos Quartet,0.0
"Eugene Drucker, Lawrence Dutton, David Finckel & Johann Sebastian Bach",0.0
"Philip Setzer, David Finckel & Johann Sebastian Bach",0.0
Gentle Thunder W/ Will Clipman & Amochip Dabney,0.0
"New Age, White Noise Baby Sleep & Chillout Lounge",0.0
Cognito & Hopsin,0.0
"Wiener Philharmoniker, Leonard Bernstein & Ludwig van Beethoven",0.0
Sensual Massage to Aromatherapy Universe & Spa Music Consort & Study Music Guys,0.0
Keola Beamer feat. George Winston,0.0
Clint Mansell & Kronos Quartet,0.0
London Symphony Orchestra & James Horner,0.0
Emile & Oliva,0.0
Wolfgang Amadeus Mozart,0.0
Arthur Rubinstein & Frédéric Chopin,0.0
"Mitsuko Uchida, English Chamber Orchestra, Jeffrey Tate & Wolfgang Amadeus Mozart",0.0
Martha Argerich & Frédéric Chopin,0.0
Pierre-Laurent Aimard & Johann Sebastian Bach,0.0
Evelyne Dubourg & Ludwig van Beethoven,0.0
Claudio Arrau & Ludwig van Beethoven,0.0
Carmen Piazzini & Wolfgang Amadeus Mozart,0.0
Vladimir Ashkenazy & Ludwig van Beethoven,0.0
Two Steps From Hell,0.0
"Wedding Music Experts, Instrumental Love Songs & Cover Classics",0.0
Pentatonix & Lindsey Stirling,0.0
"Abramovic, Charles",0.0
Eder Quartet & Wolfgang Amadeus Mozart,0.0
Amadeus Quartet,0.0
Isabelle Faust & Alexander Melnikov,0.0
Krysia Osostowicz,0.0
Glenn Gould & Johann Sebastian Bach,0.0
Vladimir Horowitz,0.0
Renaud Capuçon & David Fray,0.0
Hilary Hahn,0.0
Simon Preston & Johann Sebastian Bach,0.0
"Eugene Drucker, Lawrence Dutton & Johann Sebastian Bach",0.0
"Andreas Blau, Berliner Philharmoniker, Herbert von Karajan & Antonio Vivaldi",0.0
Alan Cuckston & George Frideric Handel,0.0
"Simon Standage, Trevor Pinnock, The English Concert & Antonio Vivaldi",0.0
Orpheus Chamber Orchestra & George Frideric Handel,0.0
Víkingur Ólafsson,0.0
Richard Edlinger & Georg Philipp Telemann,0.0
"Eriko Sato, Edward Brewer & Orpheus Chamber Orchestra",0.0
Thibaut Garcia,0.0
"Berliner Philharmoniker, Herbert von Karajan & Frank Maus",0.0
"Simon Standage, The English Concert, Trevor Pinnock & Antonio Vivaldi",0.0
Wiener Philharmoniker & Herbert von Karajan,0.0
"Enigma, Jens Gad & Michael Cretu",0.0
Various artists & Johann Sebastian Bach,0.0
"Heinz Holliger, Academy of St. Martin in the Fields, Iona Brown & Johann Sebastian Bach",0.0
"Münchener Bach-Orchester, Karl Richter & Johann Sebastian Bach",0.0
Andrei Gavrilov/Academy of St Martin-in-the-Fields/John Constable/Sir Neville Marriner & Johann Sebastian Bach,0.0
The Piano Guys & Johann Sebastian Bach,0.0
"Russ Hartenberger, Bob Becker, Tim Ferchen, Steve Reich, Glen Velez, Ben Harms, James Preiss, Janice Jarrett, Joan Labarbara, Jay Clayton & Steve Chambers",0.0
Steve Reich And Musicians,0.0
Marco Beltrami & Philip Glass,0.0
John Adams,0.0
Alfred Brendel & Ludwig van Beethoven,0.0
"Cristina Ortiz, Royal Philharmonic Orchestra & Vladimir Ashkenazy",0.0
"Sviatoslav Richter, Warsaw National Philharmonic Orchestra & Stanislaw Wislocki",0.0
"Peter Jablonski, Raymond Simmons, Royal Philharmonic Orchestra & Vladimir Ashkenazy",0.0
Krystian Zimerman,0.0
Alexis Weissenberg & Frédéric Chopin,0.0
Alice Sara Ott & Frédéric Chopin,0.0
Studio Group & Ludwig van Beethoven,0.0
Camille Berthollet & Julie Berthollet,0.0
"David Garrett, Royal Philharmonic Orchestra & Franck Van der Heijden",0.0
"Clarice Jensen, Ben Russell, Yuki Numata Resnick & Max Richter",0.0
Maria Tipo & Johann Sebastian Bach,0.0
Pachelbel's Canon In D Major,0.0
Pierre Fouchenneret & Éric Le Sage,0.0
Thomas Bergersen & Two Steps from Hell,0.0
"Soul Asylum, Daniel Murphy, David Pirner, Grant Young & Karl Mueller",0.0
Orchestre Symphonique et Lyrique de Nancy,0.0
Aloys Kontarsky & Johannes Brahms,0.0
Janusz Olejniczak,0.0
Idil Biret,0.0
Martin Jacoby & Frédéric Chopin,0.0
Krzystof Jablonski & Frédéric Chopin,0.0
Isata Kanneh-Mason,0.0
"Gyula Kiss, Hungarian Radio Symphony Orchestra & Wolfgang Amadeus Mozart",0.0
Mitsuko Uchida & Franz Schubert,0.0
Brigitte Engerer & Frédéric Chopin,0.0
Bela Clovaks & Wolfgang Amadeus Mozart,0.0
"Jorge Bolet, Orchestre Symphonique de Montréal, Charles Dutoit & Frédéric Chopin",0.0
Martha Argerich & Maurice Ravel,0.0
Jerzy Maksymiuk,0.0
Moura Lympany,0.0
Joshua Bell,0.0
Itzhak Perlman/Philadelphia Orchestra/Eugene Ormandy & Pyotr Ilyich Tchaikovsky,0.0
Alain Lefèvre,0.0
"Daniel Hope, Jacques Ammon, Deutsches Kammerorchester Berlin & Ludovico Einaudi",0.0
Halloween All-Stars & Frédéric Chopin,0.0
Seong-Jin Cho,0.0
George Li,0.0
Dame Moura Lympany,0.0
Beatrice Rana,0.0
Klasik Müzik Akademi & Claude Debussy,0.0
Istvan Szekely & Wolfgang Amadeus Mozart,0.0
Alexandre Tharaud,0.0
Maria João Pires & Wolfgang Amadeus Mozart,0.0
Pablo Casals & Johann Sebastian Bach,0.0
"Pascal Rogé, Philharmonia Orchestra, Charles Dutoit & Camille Saint-Saëns",0.0
Ludovico Einaudi & Federico Mecozzi,0.0
"Chicago Symphony Orchestra, Sir Georg Solti & Ludwig van Beethoven",0.0
"Rachel Podger, Marcin Swiatkiewicz, David Miller & Heinrich Ignaz Franz Biber",0.0
"Friedrich Gulda, Wiener Philharmoniker, Claudio Abbado & Wolfgang Amadeus Mozart",0.0
Voces8,0.0
Les Voix Humaines & Tobias Hume,0.0
Jonas Kaufmann,0.0
Fretwork,0.0
Matilda Lloyd,0.0
Christian Tetzlaff,0.0
"Luciano Pavarotti, The John Alldis Choir, Wandsworth School Boys Choir, London Philharmonic Orchestra, Zubin Mehta & Giacomo Puccini",0.0
Kiri Te Kanawa,0.0
Jozef Kopelman,0.0
Royal Philharmonic Orchestra - Carl Davis & Edward Elgar,0.0
"Jon Manasse, Jon Nakamatsu, Johannes Brahms & Johannes Brahms",0.0
"Hilary Hahn, Natalie Zhu & Wolfgang Amadeus Mozart",0.0
Joshua Bell & Franz Schubert,0.0
"Wiener Philharmoniker, Karl Böhm & Wolfgang Amadeus Mozart",0.0
